,Dataset,Number of Keypoints,Detector/Descriptor
0,Quarry0.35,336.0,AKAZE
1,Quarry0.35,356.74,AKAZE
2,Quarry0.35,352.94,AKAZE
3,Quarry0.35,402.31,AKAZE
4,Quarry0.35,394.13,AKAZE
5,Quarry0.35,335.47,AKAZE
6,Quarry0.35,273.22,AKAZE
7,Quarry0.35,263.85,AKAZE
8,Quarry0.35,280.58,AKAZE
9,Quarry0.35,279.86,AKAZE
10,Quarry0.35,247.54,AKAZE
11,Quarry0.35,238.77,AKAZE
12,Quarry0.35,269.01,AKAZE
13,Quarry0.35,329.81,AKAZE
14,Quarry0.35,439.55,AKAZE
15,Quarry0.35,384.4,AKAZE
16,Quarry0.35,469.69,AKAZE
17,Quarry0.35,425.27,AKAZE
18,Quarry0.35,395.17,AKAZE
19,Quarry0.35,328.7,AKAZE
20,Quarry0.35,329.73,AKAZE
21,Quarry0.35,313.76,AKAZE
22,Quarry0.35,342.44,AKAZE
23,Quarry0.35,345.69,AKAZE
24,Quarry0.35,347.65,AKAZE
25,Quarry0.35,388.17,AKAZE
26,Quarry0.35,450.24,AKAZE
27,Quarry0.35,486.21,AKAZE
28,Quarry0.35,400.68,AKAZE
29,Quarry0.35,452.29,AKAZE
30,Quarry0.35,501.35,AKAZE
31,Quarry0.35,486.74,AKAZE
32,Quarry0.35,454.66,AKAZE
33,Quarry0.35,421.84,AKAZE
34,Quarry0.35,375.17,AKAZE
35,Quarry0.35,338.63,AKAZE
36,Quarry0.35,336.39,AKAZE
37,Quarry0.35,330.06,AKAZE
38,Quarry0.35,352.93,AKAZE
39,Quarry0.35,392.45,AKAZE
40,Quarry0.35,433.62,AKAZE
41,Quarry0.35,394.97,AKAZE
42,Quarry0.35,456.35,AKAZE
43,Quarry0.35,460.68,AKAZE
44,Quarry0.35,442.42,AKAZE
45,Quarry0.35,429.77,AKAZE
46,Quarry0.35,397.93,AKAZE
47,Quarry0.35,421.94,AKAZE
48,Quarry0.35,428.98,AKAZE
49,Quarry0.35,441.58,AKAZE
50,Quarry0.35,511.79,AKAZE
51,Quarry0.35,292.93,AKAZE
52,Quarry0.35,240.07,AKAZE
53,Quarry0.35,233.06,AKAZE
54,Quarry0.35,245.18,AKAZE
55,Quarry0.35,252.9,AKAZE
56,Quarry0.35,280.22,AKAZE
57,Quarry0.35,310.37,AKAZE
58,Quarry0.35,350.0,AKAZE
59,Quarry0.35,387.58,AKAZE
60,Quarry0.35,403.21,AKAZE
61,Quarry0.35,384.57,AKAZE
62,Quarry0.35,384.77,AKAZE
63,Quarry0.35,333.2,AKAZE
64,Quarry0.35,250.63,AKAZE
65,Quarry0.35,257.03,AKAZE
66,Quarry0.35,235.93,AKAZE
67,Quarry0.35,223.61,AKAZE
68,Quarry0.35,229.26,AKAZE
69,Quarry0.35,244.01,AKAZE
70,Quarry0.35,271.71,AKAZE
71,Quarry0.35,321.5,AKAZE
72,Quarry0.35,351.78,AKAZE
73,Quarry0.35,356.69,AKAZE
74,Quarry0.35,340.6,AKAZE
75,Quarry0.35,421.91,AKAZE
76,Quarry0.35,500.8,AKAZE
77,Quarry0.35,497.53,AKAZE
78,Quarry0.35,495.83,AKAZE
79,Quarry0.35,458.51,AKAZE
80,Quarry0.35,444.57,AKAZE
81,Quarry0.35,414.58,AKAZE
82,Quarry0.35,378.97,AKAZE
83,Quarry0.35,328.13,AKAZE
84,Quarry0.35,274.37,AKAZE
85,Quarry0.35,285.99,AKAZE
86,Quarry0.35,297.06,AKAZE
87,Quarry0.35,257.58,AKAZE
88,Quarry0.35,263.14,AKAZE
89,Quarry0.35,276.14,AKAZE
90,Quarry0.35,284.37,AKAZE
91,Quarry0.35,352.91,AKAZE
92,Quarry0.35,393.07,AKAZE
93,Quarry0.35,403.25,AKAZE
94,Quarry0.35,491.74,AKAZE
95,Quarry0.35,502.89,AKAZE
96,Quarry0.35,467.37,AKAZE
97,Quarry0.35,485.02,AKAZE
98,Quarry0.35,402.06,AKAZE
99,Quarry0.35,347.32,AKAZE
100,Quarry0.35,615.65,BRISK
101,Quarry0.35,703.94,BRISK
102,Quarry0.35,649.0,BRISK
103,Quarry0.35,671.03,BRISK
104,Quarry0.35,780.55,BRISK
105,Quarry0.35,562.91,BRISK
106,Quarry0.35,375.04,BRISK
107,Quarry0.35,356.05,BRISK
108,Quarry0.35,406.16,BRISK
109,Quarry0.35,397.87,BRISK
110,Quarry0.35,332.92,BRISK
111,Quarry0.35,321.66,BRISK
112,Quarry0.35,354.52,BRISK
113,Quarry0.35,542.67,BRISK
114,Quarry0.35,901.03,BRISK
115,Quarry0.35,698.79,BRISK
116,Quarry0.35,925.5,BRISK
117,Quarry0.35,755.87,BRISK
118,Quarry0.35,727.48,BRISK
119,Quarry0.35,521.25,BRISK
120,Quarry0.35,516.71,BRISK
121,Quarry0.35,484.08,BRISK
122,Quarry0.35,582.66,BRISK
123,Quarry0.35,576.93,BRISK
124,Quarry0.35,542.18,BRISK
125,Quarry0.35,685.07,BRISK
126,Quarry0.35,886.57,BRISK
127,Quarry0.35,974.51,BRISK
128,Quarry0.35,735.13,BRISK
129,Quarry0.35,790.41,BRISK
130,Quarry0.35,997.33,BRISK
131,Quarry0.35,959.79,BRISK
132,Quarry0.35,873.42,BRISK
133,Quarry0.35,768.7,BRISK
134,Quarry0.35,612.06,BRISK
135,Quarry0.35,516.99,BRISK
136,Quarry0.35,458.22,BRISK
137,Quarry0.35,470.19,BRISK
138,Quarry0.35,560.59,BRISK
139,Quarry0.35,691.51,BRISK
140,Quarry0.35,791.93,BRISK
141,Quarry0.35,589.69,BRISK
142,Quarry0.35,864.88,BRISK
143,Quarry0.35,862.66,BRISK
144,Quarry0.35,778.18,BRISK
145,Quarry0.35,802.94,BRISK
146,Quarry0.35,679.67,BRISK
147,Quarry0.35,770.41,BRISK
148,Quarry0.35,822.39,BRISK
149,Quarry0.35,744.05,BRISK
150,Quarry0.35,1031.12,BRISK
151,Quarry0.35,464.99,BRISK
152,Quarry0.35,321.93,BRISK
153,Quarry0.35,299.45,BRISK
154,Quarry0.35,317.85,BRISK
155,Quarry0.35,346.81,BRISK
156,Quarry0.35,393.51,BRISK
157,Quarry0.35,494.96,BRISK
158,Quarry0.35,581.2,BRISK
159,Quarry0.35,635.51,BRISK
160,Quarry0.35,754.48,BRISK
161,Quarry0.35,611.95,BRISK
162,Quarry0.35,663.88,BRISK
163,Quarry0.35,563.07,BRISK
164,Quarry0.35,372.35,BRISK
165,Quarry0.35,339.96,BRISK
166,Quarry0.35,293.24,BRISK
167,Quarry0.35,282.34,BRISK
168,Quarry0.35,261.91,BRISK
169,Quarry0.35,281.93,BRISK
170,Quarry0.35,392.38,BRISK
171,Quarry0.35,567.96,BRISK
172,Quarry0.35,650.56,BRISK
173,Quarry0.35,567.91,BRISK
174,Quarry0.35,533.69,BRISK
175,Quarry0.35,774.02,BRISK
176,Quarry0.35,1057.37,BRISK
177,Quarry0.35,915.04,BRISK
178,Quarry0.35,1050.79,BRISK
179,Quarry0.35,852.81,BRISK
180,Quarry0.35,833.49,BRISK
181,Quarry0.35,769.56,BRISK
182,Quarry0.35,631.44,BRISK
183,Quarry0.35,500.96,BRISK
184,Quarry0.35,360.67,BRISK
185,Quarry0.35,401.68,BRISK
186,Quarry0.35,460.13,BRISK
187,Quarry0.35,337.71,BRISK
188,Quarry0.35,353.7,BRISK
189,Quarry0.35,329.9,BRISK
190,Quarry0.35,345.68,BRISK
191,Quarry0.35,525.07,BRISK
192,Quarry0.35,678.9,BRISK
193,Quarry0.35,707.07,BRISK
194,Quarry0.35,1042.48,BRISK
195,Quarry0.35,1052.87,BRISK
196,Quarry0.35,935.24,BRISK
197,Quarry0.35,987.19,BRISK
198,Quarry0.35,800.8,BRISK
199,Quarry0.35,569.24,BRISK
200,Quarry0.35,0.5,DAISY+SIFT
201,Quarry0.35,0.5,DAISY+SIFT
202,Quarry0.35,0.5,DAISY+SIFT
203,Quarry0.35,0.51,DAISY+SIFT
204,Quarry0.35,0.51,DAISY+SIFT
205,Quarry0.35,0.51,DAISY+SIFT
206,Quarry0.35,0.51,DAISY+SIFT
207,Quarry0.35,0.5,DAISY+SIFT
208,Quarry0.35,0.5,DAISY+SIFT
209,Quarry0.35,0.5,DAISY+SIFT
210,Quarry0.35,0.5,DAISY+SIFT
211,Quarry0.35,0.51,DAISY+SIFT
212,Quarry0.35,0.51,DAISY+SIFT
213,Quarry0.35,0.5,DAISY+SIFT
214,Quarry0.35,0.5,DAISY+SIFT
215,Quarry0.35,0.5,DAISY+SIFT
216,Quarry0.35,0.5,DAISY+SIFT
217,Quarry0.35,0.5,DAISY+SIFT
218,Quarry0.35,0.5,DAISY+SIFT
219,Quarry0.35,0.5,DAISY+SIFT
220,Quarry0.35,0.5,DAISY+SIFT
221,Quarry0.35,0.5,DAISY+SIFT
222,Quarry0.35,0.5,DAISY+SIFT
223,Quarry0.35,0.5,DAISY+SIFT
224,Quarry0.35,0.5,DAISY+SIFT
225,Quarry0.35,0.5,DAISY+SIFT
226,Quarry0.35,0.5,DAISY+SIFT
227,Quarry0.35,0.5,DAISY+SIFT
228,Quarry0.35,0.5,DAISY+SIFT
229,Quarry0.35,0.5,DAISY+SIFT
230,Quarry0.35,0.5,DAISY+SIFT
231,Quarry0.35,0.53,DAISY+SIFT
232,Quarry0.35,0.5,DAISY+SIFT
233,Quarry0.35,0.5,DAISY+SIFT
234,Quarry0.35,0.5,DAISY+SIFT
235,Quarry0.35,0.5,DAISY+SIFT
236,Quarry0.35,0.5,DAISY+SIFT
237,Quarry0.35,0.5,DAISY+SIFT
238,Quarry0.35,0.5,DAISY+SIFT
239,Quarry0.35,0.5,DAISY+SIFT
240,Quarry0.35,0.5,DAISY+SIFT
241,Quarry0.35,0.5,DAISY+SIFT
242,Quarry0.35,0.5,DAISY+SIFT
243,Quarry0.35,0.5,DAISY+SIFT
244,Quarry0.35,0.5,DAISY+SIFT
245,Quarry0.35,0.52,DAISY+SIFT
246,Quarry0.35,0.5,DAISY+SIFT
247,Quarry0.35,0.5,DAISY+SIFT
248,Quarry0.35,0.5,DAISY+SIFT
249,Quarry0.35,0.5,DAISY+SIFT
250,Quarry0.35,0.5,DAISY+SIFT
251,Quarry0.35,0.5,DAISY+SIFT
252,Quarry0.35,0.51,DAISY+SIFT
253,Quarry0.35,0.5,DAISY+SIFT
254,Quarry0.35,0.5,DAISY+SIFT
255,Quarry0.35,0.51,DAISY+SIFT
256,Quarry0.35,0.5,DAISY+SIFT
257,Quarry0.35,0.5,DAISY+SIFT
258,Quarry0.35,0.51,DAISY+SIFT
259,Quarry0.35,0.5,DAISY+SIFT
260,Quarry0.35,0.51,DAISY+SIFT
261,Quarry0.35,0.5,DAISY+SIFT
262,Quarry0.35,0.5,DAISY+SIFT
263,Quarry0.35,0.5,DAISY+SIFT
264,Quarry0.35,0.5,DAISY+SIFT
265,Quarry0.35,0.51,DAISY+SIFT
266,Quarry0.35,0.5,DAISY+SIFT
267,Quarry0.35,0.51,DAISY+SIFT
268,Quarry0.35,0.5,DAISY+SIFT
269,Quarry0.35,0.5,DAISY+SIFT
270,Quarry0.35,0.5,DAISY+SIFT
271,Quarry0.35,0.5,DAISY+SIFT
272,Quarry0.35,0.5,DAISY+SIFT
273,Quarry0.35,0.5,DAISY+SIFT
274,Quarry0.35,0.5,DAISY+SIFT
275,Quarry0.35,0.5,DAISY+SIFT
276,Quarry0.35,0.5,DAISY+SIFT
277,Quarry0.35,0.5,DAISY+SIFT
278,Quarry0.35,0.5,DAISY+SIFT
279,Quarry0.35,0.5,DAISY+SIFT
280,Quarry0.35,0.5,DAISY+SIFT
281,Quarry0.35,0.5,DAISY+SIFT
282,Quarry0.35,0.5,DAISY+SIFT
283,Quarry0.35,0.51,DAISY+SIFT
284,Quarry0.35,0.5,DAISY+SIFT
285,Quarry0.35,0.5,DAISY+SIFT
286,Quarry0.35,0.5,DAISY+SIFT
287,Quarry0.35,0.5,DAISY+SIFT
288,Quarry0.35,0.51,DAISY+SIFT
289,Quarry0.35,0.5,DAISY+SIFT
290,Quarry0.35,0.5,DAISY+SIFT
291,Quarry0.35,0.5,DAISY+SIFT
292,Quarry0.35,0.5,DAISY+SIFT
293,Quarry0.35,0.5,DAISY+SIFT
294,Quarry0.35,0.5,DAISY+SIFT
295,Quarry0.35,0.51,DAISY+SIFT
296,Quarry0.35,0.5,DAISY+SIFT
297,Quarry0.35,0.5,DAISY+SIFT
298,Quarry0.35,0.5,DAISY+SIFT
299,Quarry0.35,0.5,DAISY+SIFT
300,Quarry0.35,571.58,BRISK+FREAK
301,Quarry0.35,644.96,BRISK+FREAK
302,Quarry0.35,599.42,BRISK+FREAK
303,Quarry0.35,615.91,BRISK+FREAK
304,Quarry0.35,735.24,BRISK+FREAK
305,Quarry0.35,524.41,BRISK+FREAK
306,Quarry0.35,342.26,BRISK+FREAK
307,Quarry0.35,326.09,BRISK+FREAK
308,Quarry0.35,382.09,BRISK+FREAK
309,Quarry0.35,369.58,BRISK+FREAK
310,Quarry0.35,313.82,BRISK+FREAK
311,Quarry0.35,304.04,BRISK+FREAK
312,Quarry0.35,325.46,BRISK+FREAK
313,Quarry0.35,502.19,BRISK+FREAK
314,Quarry0.35,847.64,BRISK+FREAK
315,Quarry0.35,651.54,BRISK+FREAK
316,Quarry0.35,868.37,BRISK+FREAK
317,Quarry0.35,706.52,BRISK+FREAK
318,Quarry0.35,670.04,BRISK+FREAK
319,Quarry0.35,474.36,BRISK+FREAK
320,Quarry0.35,481.81,BRISK+FREAK
321,Quarry0.35,445.61,BRISK+FREAK
322,Quarry0.35,547.01,BRISK+FREAK
323,Quarry0.35,536.26,BRISK+FREAK
324,Quarry0.35,499.19,BRISK+FREAK
325,Quarry0.35,634.02,BRISK+FREAK
326,Quarry0.35,828.46,BRISK+FREAK
327,Quarry0.35,917.43,BRISK+FREAK
328,Quarry0.35,686.18,BRISK+FREAK
329,Quarry0.35,735.67,BRISK+FREAK
330,Quarry0.35,937.28,BRISK+FREAK
331,Quarry0.35,903.91,BRISK+FREAK
332,Quarry0.35,819.85,BRISK+FREAK
333,Quarry0.35,724.96,BRISK+FREAK
334,Quarry0.35,564.7,BRISK+FREAK
335,Quarry0.35,480.2,BRISK+FREAK
336,Quarry0.35,429.8,BRISK+FREAK
337,Quarry0.35,440.87,BRISK+FREAK
338,Quarry0.35,520.17,BRISK+FREAK
339,Quarry0.35,648.75,BRISK+FREAK
340,Quarry0.35,742.57,BRISK+FREAK
341,Quarry0.35,555.6,BRISK+FREAK
342,Quarry0.35,807.45,BRISK+FREAK
343,Quarry0.35,799.86,BRISK+FREAK
344,Quarry0.35,727.71,BRISK+FREAK
345,Quarry0.35,751.26,BRISK+FREAK
346,Quarry0.35,633.78,BRISK+FREAK
347,Quarry0.35,722.68,BRISK+FREAK
348,Quarry0.35,769.49,BRISK+FREAK
349,Quarry0.35,695.76,BRISK+FREAK
350,Quarry0.35,962.29,BRISK+FREAK
351,Quarry0.35,431.36,BRISK+FREAK
352,Quarry0.35,296.86,BRISK+FREAK
353,Quarry0.35,274.92,BRISK+FREAK
354,Quarry0.35,295.86,BRISK+FREAK
355,Quarry0.35,326.65,BRISK+FREAK
356,Quarry0.35,368.08,BRISK+FREAK
357,Quarry0.35,472.99,BRISK+FREAK
358,Quarry0.35,546.9,BRISK+FREAK
359,Quarry0.35,600.4,BRISK+FREAK
360,Quarry0.35,705.14,BRISK+FREAK
361,Quarry0.35,568.26,BRISK+FREAK
362,Quarry0.35,618.4,BRISK+FREAK
363,Quarry0.35,534.21,BRISK+FREAK
364,Quarry0.35,352.2,BRISK+FREAK
365,Quarry0.35,319.65,BRISK+FREAK
366,Quarry0.35,277.34,BRISK+FREAK
367,Quarry0.35,268.34,BRISK+FREAK
368,Quarry0.35,240.34,BRISK+FREAK
369,Quarry0.35,260.84,BRISK+FREAK
370,Quarry0.35,362.18,BRISK+FREAK
371,Quarry0.35,525.61,BRISK+FREAK
372,Quarry0.35,603.28,BRISK+FREAK
373,Quarry0.35,528.99,BRISK+FREAK
374,Quarry0.35,499.67,BRISK+FREAK
375,Quarry0.35,729.53,BRISK+FREAK
376,Quarry0.35,1002.42,BRISK+FREAK
377,Quarry0.35,861.21,BRISK+FREAK
378,Quarry0.35,987.97,BRISK+FREAK
379,Quarry0.35,800.0,BRISK+FREAK
380,Quarry0.35,782.96,BRISK+FREAK
381,Quarry0.35,716.11,BRISK+FREAK
382,Quarry0.35,584.15,BRISK+FREAK
383,Quarry0.35,460.03,BRISK+FREAK
384,Quarry0.35,334.03,BRISK+FREAK
385,Quarry0.35,372.66,BRISK+FREAK
386,Quarry0.35,425.58,BRISK+FREAK
387,Quarry0.35,307.96,BRISK+FREAK
388,Quarry0.35,328.03,BRISK+FREAK
389,Quarry0.35,304.71,BRISK+FREAK
390,Quarry0.35,321.38,BRISK+FREAK
391,Quarry0.35,479.46,BRISK+FREAK
392,Quarry0.35,634.61,BRISK+FREAK
393,Quarry0.35,662.58,BRISK+FREAK
394,Quarry0.35,981.23,BRISK+FREAK
395,Quarry0.35,984.2,BRISK+FREAK
396,Quarry0.35,867.8,BRISK+FREAK
397,Quarry0.35,928.61,BRISK+FREAK
398,Quarry0.35,750.7,BRISK+FREAK
399,Quarry0.35,524.84,BRISK+FREAK
400,Quarry0.35,10.0,GFTT+SIFT
401,Quarry0.35,10.0,GFTT+SIFT
402,Quarry0.35,10.0,GFTT+SIFT
403,Quarry0.35,10.0,GFTT+SIFT
404,Quarry0.35,10.0,GFTT+SIFT
405,Quarry0.35,10.0,GFTT+SIFT
406,Quarry0.35,10.0,GFTT+SIFT
407,Quarry0.35,10.0,GFTT+SIFT
408,Quarry0.35,10.0,GFTT+SIFT
409,Quarry0.35,10.0,GFTT+SIFT
410,Quarry0.35,10.0,GFTT+SIFT
411,Quarry0.35,10.0,GFTT+SIFT
412,Quarry0.35,10.0,GFTT+SIFT
413,Quarry0.35,10.0,GFTT+SIFT
414,Quarry0.35,10.0,GFTT+SIFT
415,Quarry0.35,10.0,GFTT+SIFT
416,Quarry0.35,10.0,GFTT+SIFT
417,Quarry0.35,10.0,GFTT+SIFT
418,Quarry0.35,10.0,GFTT+SIFT
419,Quarry0.35,10.0,GFTT+SIFT
420,Quarry0.35,10.0,GFTT+SIFT
421,Quarry0.35,10.0,GFTT+SIFT
422,Quarry0.35,10.0,GFTT+SIFT
423,Quarry0.35,10.0,GFTT+SIFT
424,Quarry0.35,10.0,GFTT+SIFT
425,Quarry0.35,10.0,GFTT+SIFT
426,Quarry0.35,10.0,GFTT+SIFT
427,Quarry0.35,10.0,GFTT+SIFT
428,Quarry0.35,10.0,GFTT+SIFT
429,Quarry0.35,10.0,GFTT+SIFT
430,Quarry0.35,10.0,GFTT+SIFT
431,Quarry0.35,10.0,GFTT+SIFT
432,Quarry0.35,10.0,GFTT+SIFT
433,Quarry0.35,10.0,GFTT+SIFT
434,Quarry0.35,10.0,GFTT+SIFT
435,Quarry0.35,10.0,GFTT+SIFT
436,Quarry0.35,10.0,GFTT+SIFT
437,Quarry0.35,10.0,GFTT+SIFT
438,Quarry0.35,10.0,GFTT+SIFT
439,Quarry0.35,10.0,GFTT+SIFT
440,Quarry0.35,10.0,GFTT+SIFT
441,Quarry0.35,10.0,GFTT+SIFT
442,Quarry0.35,10.0,GFTT+SIFT
443,Quarry0.35,10.0,GFTT+SIFT
444,Quarry0.35,10.0,GFTT+SIFT
445,Quarry0.35,10.0,GFTT+SIFT
446,Quarry0.35,10.0,GFTT+SIFT
447,Quarry0.35,10.0,GFTT+SIFT
448,Quarry0.35,10.0,GFTT+SIFT
449,Quarry0.35,10.0,GFTT+SIFT
450,Quarry0.35,10.0,GFTT+SIFT
451,Quarry0.35,10.0,GFTT+SIFT
452,Quarry0.35,10.0,GFTT+SIFT
453,Quarry0.35,10.0,GFTT+SIFT
454,Quarry0.35,10.0,GFTT+SIFT
455,Quarry0.35,10.0,GFTT+SIFT
456,Quarry0.35,10.0,GFTT+SIFT
457,Quarry0.35,10.0,GFTT+SIFT
458,Quarry0.35,10.0,GFTT+SIFT
459,Quarry0.35,10.0,GFTT+SIFT
460,Quarry0.35,10.0,GFTT+SIFT
461,Quarry0.35,10.0,GFTT+SIFT
462,Quarry0.35,10.0,GFTT+SIFT
463,Quarry0.35,10.0,GFTT+SIFT
464,Quarry0.35,10.0,GFTT+SIFT
465,Quarry0.35,10.0,GFTT+SIFT
466,Quarry0.35,10.0,GFTT+SIFT
467,Quarry0.35,10.0,GFTT+SIFT
468,Quarry0.35,10.0,GFTT+SIFT
469,Quarry0.35,10.0,GFTT+SIFT
470,Quarry0.35,10.0,GFTT+SIFT
471,Quarry0.35,10.0,GFTT+SIFT
472,Quarry0.35,10.0,GFTT+SIFT
473,Quarry0.35,10.0,GFTT+SIFT
474,Quarry0.35,10.0,GFTT+SIFT
475,Quarry0.35,10.0,GFTT+SIFT
476,Quarry0.35,10.0,GFTT+SIFT
477,Quarry0.35,10.0,GFTT+SIFT
478,Quarry0.35,10.0,GFTT+SIFT
479,Quarry0.35,10.0,GFTT+SIFT
480,Quarry0.35,10.0,GFTT+SIFT
481,Quarry0.35,10.0,GFTT+SIFT
482,Quarry0.35,10.0,GFTT+SIFT
483,Quarry0.35,10.0,GFTT+SIFT
484,Quarry0.35,10.0,GFTT+SIFT
485,Quarry0.35,10.0,GFTT+SIFT
486,Quarry0.35,10.0,GFTT+SIFT
487,Quarry0.35,10.0,GFTT+SIFT
488,Quarry0.35,10.0,GFTT+SIFT
489,Quarry0.35,10.0,GFTT+SIFT
490,Quarry0.35,10.0,GFTT+SIFT
491,Quarry0.35,10.0,GFTT+SIFT
492,Quarry0.35,10.0,GFTT+SIFT
493,Quarry0.35,10.0,GFTT+SIFT
494,Quarry0.35,10.0,GFTT+SIFT
495,Quarry0.35,10.0,GFTT+SIFT
496,Quarry0.35,10.0,GFTT+SIFT
497,Quarry0.35,10.0,GFTT+SIFT
498,Quarry0.35,10.0,GFTT+SIFT
499,Quarry0.35,10.0,GFTT+SIFT
500,Quarry0.35,372.33,KAZE
501,Quarry0.35,409.37,KAZE
502,Quarry0.35,403.69,KAZE
503,Quarry0.35,462.86,KAZE
504,Quarry0.35,443.47,KAZE
505,Quarry0.35,374.85,KAZE
506,Quarry0.35,301.58,KAZE
507,Quarry0.35,288.49,KAZE
508,Quarry0.35,301.21,KAZE
509,Quarry0.35,303.32,KAZE
510,Quarry0.35,259.12,KAZE
511,Quarry0.35,246.35,KAZE
512,Quarry0.35,294.52,KAZE
513,Quarry0.35,370.7,KAZE
514,Quarry0.35,495.74,KAZE
515,Quarry0.35,432.9,KAZE
516,Quarry0.35,532.0,KAZE
517,Quarry0.35,478.59,KAZE
518,Quarry0.35,445.33,KAZE
519,Quarry0.35,366.03,KAZE
520,Quarry0.35,360.35,KAZE
521,Quarry0.35,344.75,KAZE
522,Quarry0.35,377.5,KAZE
523,Quarry0.35,382.49,KAZE
524,Quarry0.35,385.76,KAZE
525,Quarry0.35,438.21,KAZE
526,Quarry0.35,510.1,KAZE
527,Quarry0.35,553.5,KAZE
528,Quarry0.35,453.35,KAZE
529,Quarry0.35,521.86,KAZE
530,Quarry0.35,572.14,KAZE
531,Quarry0.35,552.36,KAZE
532,Quarry0.35,515.63,KAZE
533,Quarry0.35,477.05,KAZE
534,Quarry0.35,423.07,KAZE
535,Quarry0.35,374.36,KAZE
536,Quarry0.35,364.37,KAZE
537,Quarry0.35,360.99,KAZE
538,Quarry0.35,389.05,KAZE
539,Quarry0.35,440.17,KAZE
540,Quarry0.35,493.4,KAZE
541,Quarry0.35,436.25,KAZE
542,Quarry0.35,524.03,KAZE
543,Quarry0.35,530.55,KAZE
544,Quarry0.35,500.68,KAZE
545,Quarry0.35,486.01,KAZE
546,Quarry0.35,447.06,KAZE
547,Quarry0.35,476.16,KAZE
548,Quarry0.35,487.01,KAZE
549,Quarry0.35,504.86,KAZE
550,Quarry0.35,590.11,KAZE
551,Quarry0.35,322.07,KAZE
552,Quarry0.35,258.89,KAZE
553,Quarry0.35,249.83,KAZE
554,Quarry0.35,258.49,KAZE
555,Quarry0.35,266.36,KAZE
556,Quarry0.35,292.51,KAZE
557,Quarry0.35,325.35,KAZE
558,Quarry0.35,375.29,KAZE
559,Quarry0.35,427.08,KAZE
560,Quarry0.35,455.9,KAZE
561,Quarry0.35,428.87,KAZE
562,Quarry0.35,430.17,KAZE
563,Quarry0.35,361.31,KAZE
564,Quarry0.35,267.1,KAZE
565,Quarry0.35,271.21,KAZE
566,Quarry0.35,246.9,KAZE
567,Quarry0.35,236.36,KAZE
568,Quarry0.35,243.46,KAZE
569,Quarry0.35,263.14,KAZE
570,Quarry0.35,298.37,KAZE
571,Quarry0.35,359.67,KAZE
572,Quarry0.35,390.08,KAZE
573,Quarry0.35,404.68,KAZE
574,Quarry0.35,377.06,KAZE
575,Quarry0.35,472.39,KAZE
576,Quarry0.35,562.28,KAZE
577,Quarry0.35,568.35,KAZE
578,Quarry0.35,566.08,KAZE
579,Quarry0.35,522.08,KAZE
580,Quarry0.35,506.41,KAZE
581,Quarry0.35,469.05,KAZE
582,Quarry0.35,423.11,KAZE
583,Quarry0.35,364.75,KAZE
584,Quarry0.35,300.44,KAZE
585,Quarry0.35,316.52,KAZE
586,Quarry0.35,325.49,KAZE
587,Quarry0.35,281.85,KAZE
588,Quarry0.35,290.48,KAZE
589,Quarry0.35,301.43,KAZE
590,Quarry0.35,309.17,KAZE
591,Quarry0.35,399.08,KAZE
592,Quarry0.35,444.2,KAZE
593,Quarry0.35,453.49,KAZE
594,Quarry0.35,558.06,KAZE
595,Quarry0.35,574.13,KAZE
596,Quarry0.35,538.21,KAZE
597,Quarry0.35,549.94,KAZE
598,Quarry0.35,453.23,KAZE
599,Quarry0.35,386.14,KAZE
600,Quarry0.35,46.89,MSER+SIFT
601,Quarry0.35,48.5,MSER+SIFT
602,Quarry0.35,49.5,MSER+SIFT
603,Quarry0.35,59.3,MSER+SIFT
604,Quarry0.35,50.94,MSER+SIFT
605,Quarry0.35,47.1,MSER+SIFT
606,Quarry0.35,42.13,MSER+SIFT
607,Quarry0.35,45.89,MSER+SIFT
608,Quarry0.35,43.29,MSER+SIFT
609,Quarry0.35,41.37,MSER+SIFT
610,Quarry0.35,40.28,MSER+SIFT
611,Quarry0.35,39.36,MSER+SIFT
612,Quarry0.35,46.74,MSER+SIFT
613,Quarry0.35,47.69,MSER+SIFT
614,Quarry0.35,57.65,MSER+SIFT
615,Quarry0.35,51.52,MSER+SIFT
616,Quarry0.35,61.07,MSER+SIFT
617,Quarry0.35,55.76,MSER+SIFT
618,Quarry0.35,51.99,MSER+SIFT
619,Quarry0.35,46.77,MSER+SIFT
620,Quarry0.35,48.03,MSER+SIFT
621,Quarry0.35,42.7,MSER+SIFT
622,Quarry0.35,46.45,MSER+SIFT
623,Quarry0.35,50.46,MSER+SIFT
624,Quarry0.35,53.12,MSER+SIFT
625,Quarry0.35,55.15,MSER+SIFT
626,Quarry0.35,59.22,MSER+SIFT
627,Quarry0.35,63.22,MSER+SIFT
628,Quarry0.35,53.1,MSER+SIFT
629,Quarry0.35,62.66,MSER+SIFT
630,Quarry0.35,66.25,MSER+SIFT
631,Quarry0.35,64.01,MSER+SIFT
632,Quarry0.35,62.8,MSER+SIFT
633,Quarry0.35,60.26,MSER+SIFT
634,Quarry0.35,54.61,MSER+SIFT
635,Quarry0.35,50.53,MSER+SIFT
636,Quarry0.35,51.38,MSER+SIFT
637,Quarry0.35,53.16,MSER+SIFT
638,Quarry0.35,54.86,MSER+SIFT
639,Quarry0.35,56.43,MSER+SIFT
640,Quarry0.35,59.93,MSER+SIFT
641,Quarry0.35,55.7,MSER+SIFT
642,Quarry0.35,60.57,MSER+SIFT
643,Quarry0.35,60.27,MSER+SIFT
644,Quarry0.35,58.41,MSER+SIFT
645,Quarry0.35,56.5,MSER+SIFT
646,Quarry0.35,55.51,MSER+SIFT
647,Quarry0.35,57.37,MSER+SIFT
648,Quarry0.35,57.71,MSER+SIFT
649,Quarry0.35,62.85,MSER+SIFT
650,Quarry0.35,67.34,MSER+SIFT
651,Quarry0.35,41.35,MSER+SIFT
652,Quarry0.35,36.74,MSER+SIFT
653,Quarry0.35,40.32,MSER+SIFT
654,Quarry0.35,39.56,MSER+SIFT
655,Quarry0.35,42.75,MSER+SIFT
656,Quarry0.35,39.85,MSER+SIFT
657,Quarry0.35,41.53,MSER+SIFT
658,Quarry0.35,48.26,MSER+SIFT
659,Quarry0.35,53.8,MSER+SIFT
660,Quarry0.35,55.12,MSER+SIFT
661,Quarry0.35,48.87,MSER+SIFT
662,Quarry0.35,52.25,MSER+SIFT
663,Quarry0.35,47.61,MSER+SIFT
664,Quarry0.35,37.43,MSER+SIFT
665,Quarry0.35,39.18,MSER+SIFT
666,Quarry0.35,34.87,MSER+SIFT
667,Quarry0.35,34.01,MSER+SIFT
668,Quarry0.35,38.38,MSER+SIFT
669,Quarry0.35,41.58,MSER+SIFT
670,Quarry0.35,41.83,MSER+SIFT
671,Quarry0.35,49.93,MSER+SIFT
672,Quarry0.35,50.78,MSER+SIFT
673,Quarry0.35,51.31,MSER+SIFT
674,Quarry0.35,50.63,MSER+SIFT
675,Quarry0.35,56.8,MSER+SIFT
676,Quarry0.35,63.94,MSER+SIFT
677,Quarry0.35,67.15,MSER+SIFT
678,Quarry0.35,62.27,MSER+SIFT
679,Quarry0.35,60.54,MSER+SIFT
680,Quarry0.35,58.67,MSER+SIFT
681,Quarry0.35,55.24,MSER+SIFT
682,Quarry0.35,53.61,MSER+SIFT
683,Quarry0.35,48.14,MSER+SIFT
684,Quarry0.35,41.63,MSER+SIFT
685,Quarry0.35,47.31,MSER+SIFT
686,Quarry0.35,47.22,MSER+SIFT
687,Quarry0.35,42.63,MSER+SIFT
688,Quarry0.35,40.84,MSER+SIFT
689,Quarry0.35,44.27,MSER+SIFT
690,Quarry0.35,43.64,MSER+SIFT
691,Quarry0.35,53.1,MSER+SIFT
692,Quarry0.35,57.21,MSER+SIFT
693,Quarry0.35,58.06,MSER+SIFT
694,Quarry0.35,63.91,MSER+SIFT
695,Quarry0.35,65.95,MSER+SIFT
696,Quarry0.35,59.14,MSER+SIFT
697,Quarry0.35,62.9,MSER+SIFT
698,Quarry0.35,52.45,MSER+SIFT
699,Quarry0.35,48.9,MSER+SIFT
700,Quarry0.35,200.0,ORB
701,Quarry0.35,200.0,ORB
702,Quarry0.35,200.0,ORB
703,Quarry0.35,200.0,ORB
704,Quarry0.35,200.0,ORB
705,Quarry0.35,200.0,ORB
706,Quarry0.35,200.0,ORB
707,Quarry0.35,200.0,ORB
708,Quarry0.35,200.0,ORB
709,Quarry0.35,200.0,ORB
710,Quarry0.35,200.0,ORB
711,Quarry0.35,200.0,ORB
712,Quarry0.35,200.0,ORB
713,Quarry0.35,200.0,ORB
714,Quarry0.35,200.0,ORB
715,Quarry0.35,200.0,ORB
716,Quarry0.35,200.0,ORB
717,Quarry0.35,200.0,ORB
718,Quarry0.35,200.0,ORB
719,Quarry0.35,200.0,ORB
720,Quarry0.35,200.0,ORB
721,Quarry0.35,200.0,ORB
722,Quarry0.35,200.0,ORB
723,Quarry0.35,200.0,ORB
724,Quarry0.35,200.0,ORB
725,Quarry0.35,200.0,ORB
726,Quarry0.35,200.0,ORB
727,Quarry0.35,200.0,ORB
728,Quarry0.35,200.0,ORB
729,Quarry0.35,200.0,ORB
730,Quarry0.35,200.0,ORB
731,Quarry0.35,200.0,ORB
732,Quarry0.35,200.0,ORB
733,Quarry0.35,200.0,ORB
734,Quarry0.35,200.0,ORB
735,Quarry0.35,200.0,ORB
736,Quarry0.35,200.0,ORB
737,Quarry0.35,200.0,ORB
738,Quarry0.35,200.0,ORB
739,Quarry0.35,200.0,ORB
740,Quarry0.35,200.0,ORB
741,Quarry0.35,200.0,ORB
742,Quarry0.35,200.0,ORB
743,Quarry0.35,200.0,ORB
744,Quarry0.35,200.0,ORB
745,Quarry0.35,200.0,ORB
746,Quarry0.35,200.0,ORB
747,Quarry0.35,200.0,ORB
748,Quarry0.35,200.0,ORB
749,Quarry0.35,200.0,ORB
750,Quarry0.35,200.0,ORB
751,Quarry0.35,200.0,ORB
752,Quarry0.35,200.0,ORB
753,Quarry0.35,200.0,ORB
754,Quarry0.35,200.0,ORB
755,Quarry0.35,200.0,ORB
756,Quarry0.35,200.0,ORB
757,Quarry0.35,200.0,ORB
758,Quarry0.35,200.0,ORB
759,Quarry0.35,200.0,ORB
760,Quarry0.35,200.0,ORB
761,Quarry0.35,200.0,ORB
762,Quarry0.35,200.0,ORB
763,Quarry0.35,200.0,ORB
764,Quarry0.35,200.0,ORB
765,Quarry0.35,200.0,ORB
766,Quarry0.35,200.0,ORB
767,Quarry0.35,200.0,ORB
768,Quarry0.35,200.0,ORB
769,Quarry0.35,200.0,ORB
770,Quarry0.35,200.0,ORB
771,Quarry0.35,200.0,ORB
772,Quarry0.35,200.0,ORB
773,Quarry0.35,200.0,ORB
774,Quarry0.35,200.0,ORB
775,Quarry0.35,200.0,ORB
776,Quarry0.35,200.0,ORB
777,Quarry0.35,200.0,ORB
778,Quarry0.35,200.0,ORB
779,Quarry0.35,200.0,ORB
780,Quarry0.35,200.0,ORB
781,Quarry0.35,200.0,ORB
782,Quarry0.35,200.0,ORB
783,Quarry0.35,200.0,ORB
784,Quarry0.35,200.0,ORB
785,Quarry0.35,200.0,ORB
786,Quarry0.35,200.0,ORB
787,Quarry0.35,200.0,ORB
788,Quarry0.35,200.0,ORB
789,Quarry0.35,200.0,ORB
790,Quarry0.35,200.0,ORB
791,Quarry0.35,200.0,ORB
792,Quarry0.35,200.0,ORB
793,Quarry0.35,200.0,ORB
794,Quarry0.35,200.0,ORB
795,Quarry0.35,200.0,ORB
796,Quarry0.35,200.0,ORB
797,Quarry0.35,200.0,ORB
798,Quarry0.35,200.0,ORB
799,Quarry0.35,200.0,ORB
800,Quarry0.35,535.38,RootSIFT
801,Quarry0.35,540.26,RootSIFT
802,Quarry0.35,537.85,RootSIFT
803,Quarry0.35,636.16,RootSIFT
804,Quarry0.35,577.6,RootSIFT
805,Quarry0.35,553.1,RootSIFT
806,Quarry0.35,510.49,RootSIFT
807,Quarry0.35,496.86,RootSIFT
808,Quarry0.35,498.21,RootSIFT
809,Quarry0.35,504.71,RootSIFT
810,Quarry0.35,478.6,RootSIFT
811,Quarry0.35,452.34,RootSIFT
812,Quarry0.35,518.35,RootSIFT
813,Quarry0.35,561.42,RootSIFT
814,Quarry0.35,666.71,RootSIFT
815,Quarry0.35,594.73,RootSIFT
816,Quarry0.35,702.06,RootSIFT
817,Quarry0.35,671.51,RootSIFT
818,Quarry0.35,615.92,RootSIFT
819,Quarry0.35,571.67,RootSIFT
820,Quarry0.35,586.98,RootSIFT
821,Quarry0.35,573.11,RootSIFT
822,Quarry0.35,567.85,RootSIFT
823,Quarry0.35,575.03,RootSIFT
824,Quarry0.35,579.35,RootSIFT
825,Quarry0.35,625.96,RootSIFT
826,Quarry0.35,658.48,RootSIFT
827,Quarry0.35,687.17,RootSIFT
828,Quarry0.35,596.27,RootSIFT
829,Quarry0.35,714.2,RootSIFT
830,Quarry0.35,744.79,RootSIFT
831,Quarry0.35,728.84,RootSIFT
832,Quarry0.35,686.61,RootSIFT
833,Quarry0.35,671.26,RootSIFT
834,Quarry0.35,636.27,RootSIFT
835,Quarry0.35,593.83,RootSIFT
836,Quarry0.35,614.82,RootSIFT
837,Quarry0.35,606.45,RootSIFT
838,Quarry0.35,623.25,RootSIFT
839,Quarry0.35,668.51,RootSIFT
840,Quarry0.35,697.76,RootSIFT
841,Quarry0.35,690.5,RootSIFT
842,Quarry0.35,692.19,RootSIFT
843,Quarry0.35,706.34,RootSIFT
844,Quarry0.35,696.32,RootSIFT
845,Quarry0.35,660.46,RootSIFT
846,Quarry0.35,643.63,RootSIFT
847,Quarry0.35,662.55,RootSIFT
848,Quarry0.35,660.31,RootSIFT
849,Quarry0.35,749.31,RootSIFT
850,Quarry0.35,774.85,RootSIFT
851,Quarry0.35,511.07,RootSIFT
852,Quarry0.35,468.7,RootSIFT
853,Quarry0.35,465.96,RootSIFT
854,Quarry0.35,448.77,RootSIFT
855,Quarry0.35,480.42,RootSIFT
856,Quarry0.35,521.4,RootSIFT
857,Quarry0.35,523.91,RootSIFT
858,Quarry0.35,566.76,RootSIFT
859,Quarry0.35,635.16,RootSIFT
860,Quarry0.35,623.55,RootSIFT
861,Quarry0.35,631.86,RootSIFT
862,Quarry0.35,599.47,RootSIFT
863,Quarry0.35,542.85,RootSIFT
864,Quarry0.35,449.93,RootSIFT
865,Quarry0.35,503.54,RootSIFT
866,Quarry0.35,449.41,RootSIFT
867,Quarry0.35,427.31,RootSIFT
868,Quarry0.35,468.56,RootSIFT
869,Quarry0.35,487.45,RootSIFT
870,Quarry0.35,491.49,RootSIFT
871,Quarry0.35,529.75,RootSIFT
872,Quarry0.35,550.99,RootSIFT
873,Quarry0.35,606.66,RootSIFT
874,Quarry0.35,568.45,RootSIFT
875,Quarry0.35,641.23,RootSIFT
876,Quarry0.35,702.91,RootSIFT
877,Quarry0.35,785.88,RootSIFT
878,Quarry0.35,702.9,RootSIFT
879,Quarry0.35,688.84,RootSIFT
880,Quarry0.35,671.13,RootSIFT
881,Quarry0.35,629.85,RootSIFT
882,Quarry0.35,606.5,RootSIFT
883,Quarry0.35,555.17,RootSIFT
884,Quarry0.35,501.69,RootSIFT
885,Quarry0.35,513.79,RootSIFT
886,Quarry0.35,496.17,RootSIFT
887,Quarry0.35,481.71,RootSIFT
888,Quarry0.35,479.28,RootSIFT
889,Quarry0.35,532.03,RootSIFT
890,Quarry0.35,533.92,RootSIFT
891,Quarry0.35,621.78,RootSIFT
892,Quarry0.35,654.74,RootSIFT
893,Quarry0.35,645.44,RootSIFT
894,Quarry0.35,701.68,RootSIFT
895,Quarry0.35,727.09,RootSIFT
896,Quarry0.35,695.66,RootSIFT
897,Quarry0.35,712.53,RootSIFT
898,Quarry0.35,602.12,RootSIFT
899,Quarry0.35,588.7,RootSIFT
900,Quarry0.35,0.5,SIFT
901,Quarry0.35,0.5,SIFT
902,Quarry0.35,0.5,SIFT
903,Quarry0.35,0.51,SIFT
904,Quarry0.35,0.51,SIFT
905,Quarry0.35,0.51,SIFT
906,Quarry0.35,0.51,SIFT
907,Quarry0.35,0.5,SIFT
908,Quarry0.35,0.5,SIFT
909,Quarry0.35,0.5,SIFT
910,Quarry0.35,0.5,SIFT
911,Quarry0.35,0.51,SIFT
912,Quarry0.35,0.51,SIFT
913,Quarry0.35,0.5,SIFT
914,Quarry0.35,0.5,SIFT
915,Quarry0.35,0.5,SIFT
916,Quarry0.35,0.5,SIFT
917,Quarry0.35,0.5,SIFT
918,Quarry0.35,0.5,SIFT
919,Quarry0.35,0.5,SIFT
920,Quarry0.35,0.5,SIFT
921,Quarry0.35,0.5,SIFT
922,Quarry0.35,0.5,SIFT
923,Quarry0.35,0.5,SIFT
924,Quarry0.35,0.5,SIFT
925,Quarry0.35,0.5,SIFT
926,Quarry0.35,0.5,SIFT
927,Quarry0.35,0.5,SIFT
928,Quarry0.35,0.5,SIFT
929,Quarry0.35,0.5,SIFT
930,Quarry0.35,0.5,SIFT
931,Quarry0.35,0.53,SIFT
932,Quarry0.35,0.5,SIFT
933,Quarry0.35,0.5,SIFT
934,Quarry0.35,0.5,SIFT
935,Quarry0.35,0.5,SIFT
936,Quarry0.35,0.5,SIFT
937,Quarry0.35,0.5,SIFT
938,Quarry0.35,0.5,SIFT
939,Quarry0.35,0.5,SIFT
940,Quarry0.35,0.5,SIFT
941,Quarry0.35,0.5,SIFT
942,Quarry0.35,0.5,SIFT
943,Quarry0.35,0.5,SIFT
944,Quarry0.35,0.5,SIFT
945,Quarry0.35,0.52,SIFT
946,Quarry0.35,0.5,SIFT
947,Quarry0.35,0.5,SIFT
948,Quarry0.35,0.5,SIFT
949,Quarry0.35,0.5,SIFT
950,Quarry0.35,0.5,SIFT
951,Quarry0.35,0.5,SIFT
952,Quarry0.35,0.51,SIFT
953,Quarry0.35,0.5,SIFT
954,Quarry0.35,0.5,SIFT
955,Quarry0.35,0.51,SIFT
956,Quarry0.35,0.5,SIFT
957,Quarry0.35,0.5,SIFT
958,Quarry0.35,0.51,SIFT
959,Quarry0.35,0.5,SIFT
960,Quarry0.35,0.51,SIFT
961,Quarry0.35,0.5,SIFT
962,Quarry0.35,0.5,SIFT
963,Quarry0.35,0.5,SIFT
964,Quarry0.35,0.5,SIFT
965,Quarry0.35,0.51,SIFT
966,Quarry0.35,0.5,SIFT
967,Quarry0.35,0.51,SIFT
968,Quarry0.35,0.5,SIFT
969,Quarry0.35,0.5,SIFT
970,Quarry0.35,0.5,SIFT
971,Quarry0.35,0.5,SIFT
972,Quarry0.35,0.5,SIFT
973,Quarry0.35,0.5,SIFT
974,Quarry0.35,0.5,SIFT
975,Quarry0.35,0.5,SIFT
976,Quarry0.35,0.5,SIFT
977,Quarry0.35,0.5,SIFT
978,Quarry0.35,0.5,SIFT
979,Quarry0.35,0.5,SIFT
980,Quarry0.35,0.5,SIFT
981,Quarry0.35,0.5,SIFT
982,Quarry0.35,0.5,SIFT
983,Quarry0.35,0.51,SIFT
984,Quarry0.35,0.5,SIFT
985,Quarry0.35,0.5,SIFT
986,Quarry0.35,0.5,SIFT
987,Quarry0.35,0.5,SIFT
988,Quarry0.35,0.51,SIFT
989,Quarry0.35,0.5,SIFT
990,Quarry0.35,0.5,SIFT
991,Quarry0.35,0.5,SIFT
992,Quarry0.35,0.5,SIFT
993,Quarry0.35,0.5,SIFT
994,Quarry0.35,0.5,SIFT
995,Quarry0.35,0.51,SIFT
996,Quarry0.35,0.5,SIFT
997,Quarry0.35,0.5,SIFT
998,Quarry0.35,0.5,SIFT
999,Quarry0.35,0.5,SIFT
1000,,389.09,STAR+BRIEF
1001,,383.98,STAR+BRIEF
1002,,378.44,STAR+BRIEF
1003,,373.19,STAR+BRIEF
1004,,402.15,STAR+BRIEF
1005,,394.31,STAR+BRIEF
1006,,391.56,STAR+BRIEF
1007,,397.99,STAR+BRIEF
1008,,406.04,STAR+BRIEF
1009,,412.21,STAR+BRIEF
1010,,403.28,STAR+BRIEF
1011,,407.39,STAR+BRIEF
1012,,401.14,STAR+BRIEF
1013,,404.21,STAR+BRIEF
1014,,431.57,STAR+BRIEF
1015,,394.91,STAR+BRIEF
1016,,418.71,STAR+BRIEF
1017,,403.45,STAR+BRIEF
1018,,421.49,STAR+BRIEF
1019,,407.07,STAR+BRIEF
1020,,407.26,STAR+BRIEF
1021,,403.47,STAR+BRIEF
1022,,404.16,STAR+BRIEF
1023,,403.21,STAR+BRIEF
1024,,398.5,STAR+BRIEF
1025,,405.92,STAR+BRIEF
1026,,410.58,STAR+BRIEF
1027,,407.91,STAR+BRIEF
1028,,380.7,STAR+BRIEF
1029,,388.03,STAR+BRIEF
1030,,427.28,STAR+BRIEF
1031,,422.6,STAR+BRIEF
1032,,431.15,STAR+BRIEF
1033,,427.68,STAR+BRIEF
1034,,412.14,STAR+BRIEF
1035,,404.21,STAR+BRIEF
1036,,396.83,STAR+BRIEF
1037,,406.09,STAR+BRIEF
1038,,413.5,STAR+BRIEF
1039,,410.44,STAR+BRIEF
1040,,410.73,STAR+BRIEF
1041,,376.76,STAR+BRIEF
1042,,402.17,STAR+BRIEF
1043,,396.13,STAR+BRIEF
1044,,390.4,STAR+BRIEF
1045,,402.63,STAR+BRIEF
1046,,397.56,STAR+BRIEF
1047,,407.3,STAR+BRIEF
1048,,415.06,STAR+BRIEF
1049,,394.83,STAR+BRIEF
1050,,421.3,STAR+BRIEF
1051,,381.38,STAR+BRIEF
1052,,377.94,STAR+BRIEF
1053,,391.14,STAR+BRIEF
1054,,386.77,STAR+BRIEF
1055,,395.68,STAR+BRIEF
1056,,407.83,STAR+BRIEF
1057,,406.49,STAR+BRIEF
1058,,414.74,STAR+BRIEF
1059,,387.85,STAR+BRIEF
1060,,403.58,STAR+BRIEF
1061,,382.04,STAR+BRIEF
1062,,400.35,STAR+BRIEF
1063,,401.92,STAR+BRIEF
1064,,374.41,STAR+BRIEF
1065,,382.6,STAR+BRIEF
1066,,364.59,STAR+BRIEF
1067,,355.2,STAR+BRIEF
1068,,377.03,STAR+BRIEF
1069,,356.31,STAR+BRIEF
1070,,379.5,STAR+BRIEF
1071,,396.18,STAR+BRIEF
1072,,393.62,STAR+BRIEF
1073,,363.91,STAR+BRIEF
1074,,384.1,STAR+BRIEF
1075,,414.09,STAR+BRIEF
1076,,438.12,STAR+BRIEF
1077,,412.06,STAR+BRIEF
1078,,436.26,STAR+BRIEF
1079,,410.94,STAR+BRIEF
1080,,406.11,STAR+BRIEF
1081,,417.88,STAR+BRIEF
1082,,405.34,STAR+BRIEF
1083,,383.48,STAR+BRIEF
1084,,364.01,STAR+BRIEF
1085,,363.02,STAR+BRIEF
1086,,376.85,STAR+BRIEF
1087,,353.53,STAR+BRIEF
1088,,367.14,STAR+BRIEF
1089,,370.72,STAR+BRIEF
1090,,377.48,STAR+BRIEF
1091,,409.04,STAR+BRIEF
1092,,419.56,STAR+BRIEF
1093,,414.56,STAR+BRIEF
1094,,434.28,STAR+BRIEF
1095,,429.46,STAR+BRIEF
1096,,416.36,STAR+BRIEF
1097,,426.74,STAR+BRIEF
1098,,424.58,STAR+BRIEF
1099,,412.6,STAR+BRIEF
1100,,,SURF
1101,,,SURF
1102,,,SURF
1103,,,SURF
1104,,,SURF
1105,,,SURF
1106,,,SURF
1107,,,SURF
1108,,,SURF
1109,,,SURF
1110,,,SURF
1111,,,SURF
1112,,,SURF
1113,,,SURF
1114,,,SURF
1115,,,SURF
1116,,,SURF
1117,,,SURF
1118,,,SURF
1119,,,SURF
1120,,,SURF
1121,,,SURF
1122,,,SURF
1123,,,SURF
1124,,,SURF
1125,,,SURF
1126,,,SURF
1127,,,SURF
1128,,,SURF
1129,,,SURF
1130,,,SURF
1131,,,SURF
1132,,,SURF
1133,,,SURF
1134,,,SURF
1135,,,SURF
1136,,,SURF
1137,,,SURF
1138,,,SURF
1139,,,SURF
1140,,,SURF
1141,,,SURF
1142,,,SURF
1143,,,SURF
1144,,,SURF
1145,,,SURF
1146,,,SURF
1147,,,SURF
1148,,,SURF
1149,,,SURF
1150,,,SURF
1151,,,SURF
1152,,,SURF
1153,,,SURF
1154,,,SURF
1155,,,SURF
1156,,,SURF
1157,,,SURF
1158,,,SURF
1159,,,SURF
1160,,,SURF
1161,,,SURF
1162,,,SURF
1163,,,SURF
1164,,,SURF
1165,,,SURF
1166,,,SURF
1167,,,SURF
1168,,,SURF
1169,,,SURF
1170,,,SURF
1171,,,SURF
1172,,,SURF
1173,,,SURF
1174,,,SURF
1175,,,SURF
1176,,,SURF
1177,,,SURF
1178,,,SURF
1179,,,SURF
1180,,,SURF
1181,,,SURF
1182,,,SURF
1183,,,SURF
1184,,,SURF
1185,,,SURF
1186,,,SURF
1187,,,SURF
1188,,,SURF
1189,,,SURF
1190,,,SURF
1191,,,SURF
1192,,,SURF
1193,,,SURF
1194,,,SURF
1195,,,SURF
1196,,,SURF
1197,,,SURF
1198,,,SURF
1199,,,SURF
